<?xml version="1.0" encoding="UTF-8"?>
<project-private xmlns="http://www.netbeans.org/ns/project-private/1">
    <editor-bookmarks xmlns="http://www.netbeans.org/ns/editor-bookmarks/2" lastBookmarkId="0"/>
    <open-files xmlns="http://www.netbeans.org/ns/projectui-open-files/2">
        <group>
            <file>file:/C:/Users/Ben/Dropbox/381/EAP%20GUI/src/Model/EAPButton.java</file>
            <file>file:/C:/Users/Ben/Dropbox/381/EAP%20GUI/src/View/EAPGUI.java</file>
            <file>file:/C:/Users/Ben/Dropbox/381/EAP%20GUI/src/Controller/NewClass.java</file>
            <file>file:/C:/Users/Ben/Dropbox/381/EAP%20GUI/src/Controller/actions.java</file>
            <file>file:/C:/Users/Ben/Dropbox/381/EAP%20GUI/src/View/WorkPane.java</file>
            <file>file:/C:/Users/Ben/Dropbox/381/EAP%20GUI/src/Model/EAPCheckbox.java</file>
            <file>file:/C:/Users/Ben/Dropbox/381/EAP%20GUI/src/View/Toolbar.java</file>
        </group>
    </open-files>
</project-private>
